﻿"[Current] CoE01NC (CoE01NC):eq1 (101)"
"[Previous] CoE01NC (CoE01NC):eq2 (102)"
"Graph title ID","Graph title name","Axis label ID","Axis label name","Question ID (current)","Question (current)","Question Details (current)","Response contents (current)","Number of responses (current)","Response rate (current)","Question ID (previous)","Question (previous)","Question Details (previous)","Response contents (previous)","Number of responses (previous)","Response rate (previous)","Compared to previous"
"999","Graph Title 999","222","Axis X","293","qt1","","選択肢01","1","14","293","qt1","","選択肢01","2","29","↓15%"
"999","Graph Title 999","222","Axis X","293","qt1","","選択肢02","2","29","293","qt1","","選択肢02","1","14","↑15%"
"999","Graph Title 999","222","Axis X","293","qt1","","選択肢03","2","29","293","qt1","","選択肢03","0","0","↑29%"
"999","Graph Title 999","222","Axis X","293","qt1","","選択肢04","2","29","293","qt1","","選択肢04","1","14","↑15%"
"999","Graph Title 999","222","Axis X","293","qt1","","選択肢05","0","0","293","qt1","","選択肢05","3","43","↓43%"
"999","Graph Title 999","222","Axis X","293","qt1","","Not answered","0","0","293","qt1","","Not answered","0","0","0%"
"999","Graph Title 999","223","Axis Y","294","qt2","","選択肢01","0","0","294","qt2","","選択肢01","0","0","0%"
"999","Graph Title 999","223","Axis Y","294","qt2","","選択肢02","4","57","294","qt2","","選択肢02","3","43","↑14%"
"999","Graph Title 999","223","Axis Y","294","qt2","","選択肢03","0","0","294","qt2","","選択肢03","0","0","0%"
"999","Graph Title 999","223","Axis Y","294","qt2","","選択肢04","2","29","294","qt2","","選択肢04","1","14","↑15%"
"999","Graph Title 999","223","Axis Y","294","qt2","","選択肢05","1","14","294","qt2","","選択肢05","3","43","↓29%"
"999","Graph Title 999","223","Axis Y","294","qt2","","Not answered","0","0","294","qt2","","Not answered","0","0","0%"
"999","Graph Title 999","224","Axis Z","295","qt3","","選択肢01","3","43","295","qt3","","選択肢01","2","29","↑14%"
"999","Graph Title 999","224","Axis Z","295","qt3","","選択肢02","1","14","295","qt3","","選択肢02","0","0","↑14%"
"999","Graph Title 999","224","Axis Z","295","qt3","","選択肢03","2","29","295","qt3","","選択肢03","1","14","↑15%"
"999","Graph Title 999","224","Axis Z","295","qt3","","選択肢04","0","0","295","qt3","","選択肢04","1","14","↓14%"
"999","Graph Title 999","224","Axis Z","295","qt3","","選択肢05","1","14","295","qt3","","選択肢05","3","43","↓29%"
"999","Graph Title 999","224","Axis Z","295","qt3","","Not answered","0","0","295","qt3","","Not answered","0","0","0%"
