﻿"[Hiện tại] C001Fコース名 (C001F):Rating001 (95)"
"[Trước đó] C002Fコース名 (C002F):Rating002 (96)"
"Mã tiêu đề đồ họa","Tên tiêu đề đồ họa","Mã nhãn trục","Tên nhãn trục","Các câu hỏi ID (hiện tại)","Câu hỏi (hiện tại)","Chi tiết câu hỏi (hiện tại)","Nội dung trả lời (hiện tại)","Số câu trả lời (hiện tại)","Tỷ lệ trả lời (hiện tại)","Các câu hỏi ID (trước đó)","Câu hỏi (trước đó)","Chi tiết câu hỏi (trước đó)","Nội dung trả lời (trước đó)","Số câu trả lời (trước đó)","Tỷ lệ trả lời (trước đó)","So với trước"
"602","グラフタイトル602","101","軸レベル名A","281","Môi trường làm việc ?","","5*","0","0","284","Đồ ăn thế nào?","","5*","0","0","0%"
"602","グラフタイトル602","101","軸レベル名A","281","Môi trường làm việc ?","","4*","1","100","284","Đồ ăn thế nào?","","4*","0","0","↑100%"
"602","グラフタイトル602","101","軸レベル名A","281","Môi trường làm việc ?","","3*","0","0","284","Đồ ăn thế nào?","","3*","0","0","0%"
"602","グラフタイトル602","101","軸レベル名A","281","Môi trường làm việc ?","","2*","0","0","284","Đồ ăn thế nào?","","2*","1","100","↓100%"
"602","グラフタイトル602","101","軸レベル名A","281","Môi trường làm việc ?","","1*","0","0","284","Đồ ăn thế nào?","","1*","0","0","0%"
"602","グラフタイトル602","101","軸レベル名A","281","Môi trường làm việc ?","","Chưa trả lời","0","0","284","Đồ ăn thế nào?","","Chưa trả lời","0","0","0%"
"602","グラフタイトル602","102","軸レベル名B","282","Công việc thế nào?","","5*","0","0","283","Trang thiết bị thế nào ?","","5*","0","0","0%"
"602","グラフタイトル602","102","軸レベル名B","282","Công việc thế nào?","","4*","0","0","283","Trang thiết bị thế nào ?","","4*","0","0","0%"
"602","グラフタイトル602","102","軸レベル名B","282","Công việc thế nào?","","3*","1","100","283","Trang thiết bị thế nào ?","","3*","0","0","↑100%"
"602","グラフタイトル602","102","軸レベル名B","282","Công việc thế nào?","","2*","0","0","283","Trang thiết bị thế nào ?","","2*","1","100","↓100%"
"602","グラフタイトル602","102","軸レベル名B","282","Công việc thế nào?","","1*","0","0","283","Trang thiết bị thế nào ?","","1*","0","0","0%"
"602","グラフタイトル602","102","軸レベル名B","282","Công việc thế nào?","","Chưa trả lời","0","0","283","Trang thiết bị thế nào ?","","Chưa trả lời","0","0","0%"
"602","グラフタイトル602","103","軸レベル名C","283","Trang thiết bị thế nào ?","","5*","1","100","282","Công việc thế nào?","","5*","0","0","↑100%"
"602","グラフタイトル602","103","軸レベル名C","283","Trang thiết bị thế nào ?","","4*","0","0","282","Công việc thế nào?","","4*","0","0","0%"
"602","グラフタイトル602","103","軸レベル名C","283","Trang thiết bị thế nào ?","","3*","0","0","282","Công việc thế nào?","","3*","0","0","0%"
"602","グラフタイトル602","103","軸レベル名C","283","Trang thiết bị thế nào ?","","2*","0","0","282","Công việc thế nào?","","2*","1","100","↓100%"
"602","グラフタイトル602","103","軸レベル名C","283","Trang thiết bị thế nào ?","","1*","0","0","282","Công việc thế nào?","","1*","0","0","0%"
"602","グラフタイトル602","103","軸レベル名C","283","Trang thiết bị thế nào ?","","Chưa trả lời","0","0","282","Công việc thế nào?","","Chưa trả lời","0","0","0%"
"602","グラフタイトル602","104","軸レベル名D","284","Đồ ăn thế nào?","","5*","0","0","281","Môi trường làm việc ?","","5*","0","0","0%"
"602","グラフタイトル602","104","軸レベル名D","284","Đồ ăn thế nào?","","4*","0","0","281","Môi trường làm việc ?","","4*","0","0","0%"
"602","グラフタイトル602","104","軸レベル名D","284","Đồ ăn thế nào?","","3*","1","100","281","Môi trường làm việc ?","","3*","0","0","↑100%"
"602","グラフタイトル602","104","軸レベル名D","284","Đồ ăn thế nào?","","2*","0","0","281","Môi trường làm việc ?","","2*","0","0","0%"
"602","グラフタイトル602","104","軸レベル名D","284","Đồ ăn thế nào?","","1*","0","0","281","Môi trường làm việc ?","","1*","1","100","↓100%"
"602","グラフタイトル602","104","軸レベル名D","284","Đồ ăn thế nào?","","Chưa trả lời","0","0","281","Môi trường làm việc ?","","Chưa trả lời","0","0","0%"
