"[Current] CoE01NC (CoE01NC):eq1 (101)"
"[Previous] CoE01NC (CoE01NC):eq2 (102)"
"Graph title ID","Graph title name","Axis label ID","Axis label name","Question ID (current)","Question (current)","Question Details (current)","Response contents (current)","Number of responses (current)","Response rate (current)","Question ID (previous)","Question (previous)","Question Details (previous)","Response contents (previous)","Number of responses (previous)","Response rate (previous)","Compared to previous"
"999","Graph Title 999","222","Axis X","293","qt1","","???01","1","14","293","qt1","","???01","2","29","-15%"
"999","Graph Title 999","222","Axis X","293","qt1","","???02","2","29","293","qt1","","???02","1","14","+15%"
"999","Graph Title 999","222","Axis X","293","qt1","","???03","2","29","293","qt1","","???03","0","0","+29%"
"999","Graph Title 999","222","Axis X","293","qt1","","???04","2","29","293","qt1","","???04","1","14","+15%"
"999","Graph Title 999","222","Axis X","293","qt1","","???05","0","0","293","qt1","","???05","3","43","-43%"
"999","Graph Title 999","222","Axis X","293","qt1","","Not answered","0","0","293","qt1","","Not answered","0","0","0%"
"999","Graph Title 999","223","Axis Y","294","qt2","","???01","0","0","294","qt2","","???01","0","0","0%"
"999","Graph Title 999","223","Axis Y","294","qt2","","???02","4","57","294","qt2","","???02","3","43","+14%"
"999","Graph Title 999","223","Axis Y","294","qt2","","???03","0","0","294","qt2","","???03","0","0","0%"
"999","Graph Title 999","223","Axis Y","294","qt2","","???04","2","29","294","qt2","","???04","1","14","+15%"
"999","Graph Title 999","223","Axis Y","294","qt2","","???05","1","14","294","qt2","","???05","3","43","-29%"
"999","Graph Title 999","223","Axis Y","294","qt2","","Not answered","0","0","294","qt2","","Not answered","0","0","0%"
"999","Graph Title 999","224","Axis Z","295","qt3","","???01","3","43","295","qt3","","???01","2","29","+14%"
"999","Graph Title 999","224","Axis Z","295","qt3","","???02","1","14","295","qt3","","???02","0","0","+14%"
"999","Graph Title 999","224","Axis Z","295","qt3","","???03","2","29","295","qt3","","???03","1","14","+15%"
"999","Graph Title 999","224","Axis Z","295","qt3","","???04","0","0","295","qt3","","???04","1","14","-14%"
"999","Graph Title 999","224","Axis Z","295","qt3","","???05","1","14","295","qt3","","???05","3","43","-29%"
"999","Graph Title 999","224","Axis Z","295","qt3","","Not answered","0","0","295","qt3","","Not answered","0","0","0%"
