﻿"[현재] C001Fコース名 (C001F):Rating001 (95)"
"[이전] C002Fコース名 (C002F):Rating002 (96)"
"그래프 제목 ID","그래프 제목 이름","축 라벨 ID","축 라벨 이름","질문 ID(현재)","질문(현재)","질문 세부정보(현재)","대답 내용(현재)","대답 수(현재)","응답률(현재)","질문 ID(이전)","질문(이전)","질문 세부정보(이전)","대답 내용(이전)","대답 수(이전)","응답률(이전)","이전 버전과 비교"
"602","グラフタイトル602","101","軸レベル名A","281","Môi trường làm việc ?","","5*","0","0","284","Đồ ăn thế nào?","","5*","0","0","0%"
"602","グラフタイトル602","101","軸レベル名A","281","Môi trường làm việc ?","","4*","1","100","284","Đồ ăn thế nào?","","4*","0","0","↑100%"
"602","グラフタイトル602","101","軸レベル名A","281","Môi trường làm việc ?","","3*","0","0","284","Đồ ăn thế nào?","","3*","0","0","0%"
"602","グラフタイトル602","101","軸レベル名A","281","Môi trường làm việc ?","","2*","0","0","284","Đồ ăn thế nào?","","2*","1","100","↓100%"
"602","グラフタイトル602","101","軸レベル名A","281","Môi trường làm việc ?","","1*","0","0","284","Đồ ăn thế nào?","","1*","0","0","0%"
"602","グラフタイトル602","101","軸レベル名A","281","Môi trường làm việc ?","","답변하지 않음","0","0","284","Đồ ăn thế nào?","","답변하지 않음","0","0","0%"
"602","グラフタイトル602","102","軸レベル名B","282","Công việc thế nào?","","5*","0","0","283","Trang thiết bị thế nào ?","","5*","0","0","0%"
"602","グラフタイトル602","102","軸レベル名B","282","Công việc thế nào?","","4*","0","0","283","Trang thiết bị thế nào ?","","4*","0","0","0%"
"602","グラフタイトル602","102","軸レベル名B","282","Công việc thế nào?","","3*","1","100","283","Trang thiết bị thế nào ?","","3*","0","0","↑100%"
"602","グラフタイトル602","102","軸レベル名B","282","Công việc thế nào?","","2*","0","0","283","Trang thiết bị thế nào ?","","2*","1","100","↓100%"
"602","グラフタイトル602","102","軸レベル名B","282","Công việc thế nào?","","1*","0","0","283","Trang thiết bị thế nào ?","","1*","0","0","0%"
"602","グラフタイトル602","102","軸レベル名B","282","Công việc thế nào?","","답변하지 않음","0","0","283","Trang thiết bị thế nào ?","","답변하지 않음","0","0","0%"
"602","グラフタイトル602","103","軸レベル名C","283","Trang thiết bị thế nào ?","","5*","1","100","282","Công việc thế nào?","","5*","0","0","↑100%"
"602","グラフタイトル602","103","軸レベル名C","283","Trang thiết bị thế nào ?","","4*","0","0","282","Công việc thế nào?","","4*","0","0","0%"
"602","グラフタイトル602","103","軸レベル名C","283","Trang thiết bị thế nào ?","","3*","0","0","282","Công việc thế nào?","","3*","0","0","0%"
"602","グラフタイトル602","103","軸レベル名C","283","Trang thiết bị thế nào ?","","2*","0","0","282","Công việc thế nào?","","2*","1","100","↓100%"
"602","グラフタイトル602","103","軸レベル名C","283","Trang thiết bị thế nào ?","","1*","0","0","282","Công việc thế nào?","","1*","0","0","0%"
"602","グラフタイトル602","103","軸レベル名C","283","Trang thiết bị thế nào ?","","답변하지 않음","0","0","282","Công việc thế nào?","","답변하지 않음","0","0","0%"
"602","グラフタイトル602","104","軸レベル名D","284","Đồ ăn thế nào?","","5*","0","0","281","Môi trường làm việc ?","","5*","0","0","0%"
"602","グラフタイトル602","104","軸レベル名D","284","Đồ ăn thế nào?","","4*","0","0","281","Môi trường làm việc ?","","4*","0","0","0%"
"602","グラフタイトル602","104","軸レベル名D","284","Đồ ăn thế nào?","","3*","1","100","281","Môi trường làm việc ?","","3*","0","0","↑100%"
"602","グラフタイトル602","104","軸レベル名D","284","Đồ ăn thế nào?","","2*","0","0","281","Môi trường làm việc ?","","2*","0","0","0%"
"602","グラフタイトル602","104","軸レベル名D","284","Đồ ăn thế nào?","","1*","0","0","281","Môi trường làm việc ?","","1*","1","100","↓100%"
"602","グラフタイトル602","104","軸レベル名D","284","Đồ ăn thế nào?","","답변하지 않음","0","0","281","Môi trường làm việc ?","","답변하지 않음","0","0","0%"
