﻿"[Current] C001Fコース名 (C001F):Rating001 (95)"
"[Previous] C002Fコース名 (C002F):Rating002 (96)"
"Graph title ID","Graph title name","Axis label ID","Axis label name","Question ID (current)","Question (current)","Question Details (current)","Response contents (current)","Number of responses (current)","Response rate (current)","Question ID (previous)","Question (previous)","Question Details (previous)","Response contents (previous)","Number of responses (previous)","Response rate (previous)","Compared to previous"
"602","グラフタイトル602","101","軸レベル名X","281","Môi trường làm việc ?","","5*","0","0","281","Môi trường làm việc ?","","5*","0","0","0%"
"602","グラフタイトル602","101","軸レベル名X","281","Môi trường làm việc ?","","4*","1","100","281","Môi trường làm việc ?","","4*","0","0","+100%"
"602","グラフタイトル602","101","軸レベル名X","281","Môi trường làm việc ?","","3*","0","0","281","Môi trường làm việc ?","","3*","0","0","0%"
"602","グラフタイトル602","101","軸レベル名X","281","Môi trường làm việc ?","","2*","0","0","281","Môi trường làm việc ?","","2*","0","0","0%"
"602","グラフタイトル602","101","軸レベル名X","281","Môi trường làm việc ?","","1*","0","0","281","Môi trường làm việc ?","","1*","1","100","-100%"
"602","グラフタイトル602","101","軸レベル名X","281","Môi trường làm việc ?","","Not answered","0","0","281","Môi trường làm việc ?","","Not answered","0","0","0%"
"602","グラフタイトル602","102","軸レベル名Y","282","Công việc thế nào?","","5*","0","0","282","Công việc thế nào?","","5*","0","0","0%"
"602","グラフタイトル602","102","軸レベル名Y","282","Công việc thế nào?","","4*","0","0","282","Công việc thế nào?","","4*","0","0","0%"
"602","グラフタイトル602","102","軸レベル名Y","282","Công việc thế nào?","","3*","1","100","282","Công việc thế nào?","","3*","0","0","+100%"
"602","グラフタイトル602","102","軸レベル名Y","282","Công việc thế nào?","","2*","0","0","282","Công việc thế nào?","","2*","1","100","-100%"
"602","グラフタイトル602","102","軸レベル名Y","282","Công việc thế nào?","","1*","0","0","282","Công việc thế nào?","","1*","0","0","0%"
"602","グラフタイトル602","102","軸レベル名Y","282","Công việc thế nào?","","Not answered","0","0","282","Công việc thế nào?","","Not answered","0","0","0%"
"602","グラフタイトル602","103","軸レベル名Z","283","Trang thiết bị thế nào ?","","5*","1","100","283","Trang thiết bị thế nào ?","","5*","0","0","+100%"
"602","グラフタイトル602","103","軸レベル名Z","283","Trang thiết bị thế nào ?","","4*","0","0","283","Trang thiết bị thế nào ?","","4*","0","0","0%"
"602","グラフタイトル602","103","軸レベル名Z","283","Trang thiết bị thế nào ?","","3*","0","0","283","Trang thiết bị thế nào ?","","3*","0","0","0%"
"602","グラフタイトル602","103","軸レベル名Z","283","Trang thiết bị thế nào ?","","2*","0","0","283","Trang thiết bị thế nào ?","","2*","1","100","-100%"
"602","グラフタイトル602","103","軸レベル名Z","283","Trang thiết bị thế nào ?","","1*","0","0","283","Trang thiết bị thế nào ?","","1*","0","0","0%"
"602","グラフタイトル602","103","軸レベル名Z","283","Trang thiết bị thế nào ?","","Not answered","0","0","283","Trang thiết bị thế nào ?","","Not answered","0","0","0%"
"602","グラフタイトル602","104","軸レベル名W","284","Đồ ăn thế nào?","","5*","0","0","284","Đồ ăn thế nào?","","5*","0","0","0%"
"602","グラフタイトル602","104","軸レベル名W","284","Đồ ăn thế nào?","","4*","0","0","284","Đồ ăn thế nào?","","4*","0","0","0%"
"602","グラフタイトル602","104","軸レベル名W","284","Đồ ăn thế nào?","","3*","1","100","284","Đồ ăn thế nào?","","3*","0","0","+100%"
"602","グラフタイトル602","104","軸レベル名W","284","Đồ ăn thế nào?","","2*","0","0","284","Đồ ăn thế nào?","","2*","1","100","-100%"
"602","グラフタイトル602","104","軸レベル名W","284","Đồ ăn thế nào?","","1*","0","0","284","Đồ ăn thế nào?","","1*","0","0","0%"
"602","グラフタイトル602","104","軸レベル名W","284","Đồ ăn thế nào?","","Not answered","0","0","284","Đồ ăn thế nào?","","Not answered","0","0","0%"
