﻿"[这次] C001Fコース名 (C001F):Rating001 (95)"
"[前一次] C002Fコース名 (C002F):Rating002 (96)"
"图表标题ID","图表标题名称","轴标签ID","轴标签名称","问题ID（这次）","问题（这次）","问题详情（这次）","回答内容（这次）","回答数（这次）","回答比例（这次）","问题ID（前一次）","问题（前一次）","问题详情（前一次）","回答内容（前一次）","回答数（前一次）","回答比例（前一次）","和以前相比"
"602","グラフタイトル602","101","軸レベル名A","281","Môi trường làm việc ?","","5*","0","0","284","Đồ ăn thế nào?","","5*","0","0","0%"
"602","グラフタイトル602","101","軸レベル名A","281","Môi trường làm việc ?","","4*","1","100","284","Đồ ăn thế nào?","","4*","0","0","+100%"
"602","グラフタイトル602","101","軸レベル名A","281","Môi trường làm việc ?","","3*","0","0","284","Đồ ăn thế nào?","","3*","0","0","0%"
"602","グラフタイトル602","101","軸レベル名A","281","Môi trường làm việc ?","","2*","0","0","284","Đồ ăn thế nào?","","2*","1","100","-100%"
"602","グラフタイトル602","101","軸レベル名A","281","Môi trường làm việc ?","","1*","0","0","284","Đồ ăn thế nào?","","1*","0","0","0%"
"602","グラフタイトル602","101","軸レベル名A","281","Môi trường làm việc ?","","未答题","0","0","284","Đồ ăn thế nào?","","未答题","0","0","0%"
"602","グラフタイトル602","102","軸レベル名B","282","Công việc thế nào?","","5*","0","0","283","Trang thiết bị thế nào ?","","5*","0","0","0%"
"602","グラフタイトル602","102","軸レベル名B","282","Công việc thế nào?","","4*","0","0","283","Trang thiết bị thế nào ?","","4*","0","0","0%"
"602","グラフタイトル602","102","軸レベル名B","282","Công việc thế nào?","","3*","1","100","283","Trang thiết bị thế nào ?","","3*","0","0","+100%"
"602","グラフタイトル602","102","軸レベル名B","282","Công việc thế nào?","","2*","0","0","283","Trang thiết bị thế nào ?","","2*","1","100","-100%"
"602","グラフタイトル602","102","軸レベル名B","282","Công việc thế nào?","","1*","0","0","283","Trang thiết bị thế nào ?","","1*","0","0","0%"
"602","グラフタイトル602","102","軸レベル名B","282","Công việc thế nào?","","未答题","0","0","283","Trang thiết bị thế nào ?","","未答题","0","0","0%"
"602","グラフタイトル602","103","軸レベル名C","283","Trang thiết bị thế nào ?","","5*","1","100","282","Công việc thế nào?","","5*","0","0","+100%"
"602","グラフタイトル602","103","軸レベル名C","283","Trang thiết bị thế nào ?","","4*","0","0","282","Công việc thế nào?","","4*","0","0","0%"
"602","グラフタイトル602","103","軸レベル名C","283","Trang thiết bị thế nào ?","","3*","0","0","282","Công việc thế nào?","","3*","0","0","0%"
"602","グラフタイトル602","103","軸レベル名C","283","Trang thiết bị thế nào ?","","2*","0","0","282","Công việc thế nào?","","2*","1","100","-100%"
"602","グラフタイトル602","103","軸レベル名C","283","Trang thiết bị thế nào ?","","1*","0","0","282","Công việc thế nào?","","1*","0","0","0%"
"602","グラフタイトル602","103","軸レベル名C","283","Trang thiết bị thế nào ?","","未答题","0","0","282","Công việc thế nào?","","未答题","0","0","0%"
"602","グラフタイトル602","104","軸レベル名D","284","Đồ ăn thế nào?","","5*","0","0","281","Môi trường làm việc ?","","5*","0","0","0%"
"602","グラフタイトル602","104","軸レベル名D","284","Đồ ăn thế nào?","","4*","0","0","281","Môi trường làm việc ?","","4*","0","0","0%"
"602","グラフタイトル602","104","軸レベル名D","284","Đồ ăn thế nào?","","3*","1","100","281","Môi trường làm việc ?","","3*","0","0","+100%"
"602","グラフタイトル602","104","軸レベル名D","284","Đồ ăn thế nào?","","2*","0","0","281","Môi trường làm việc ?","","2*","0","0","0%"
"602","グラフタイトル602","104","軸レベル名D","284","Đồ ăn thế nào?","","1*","0","0","281","Môi trường làm việc ?","","1*","1","100","-100%"
"602","グラフタイトル602","104","軸レベル名D","284","Đồ ăn thế nào?","","未答题","0","0","281","Môi trường làm việc ?","","未答题","0","0","0%"
