﻿"[Aktuell] C001Fコース名 (C001F):Rating001 (95)"
"[Vorherige] C002Fコース名 (C002F):Rating002 (96)"
"ID Grafiktitel","Name Grafiktitel","ID Achsenbeschriftung","Name Achsenbeschriftung","Frage ID (Aktuell)","Frage (Aktuell)","Frage-Details (Aktuell)","Antwortinhalte (Aktuell)","Anzahl Antworten (Aktuell)","Antwortrate (Aktuell)","Frage ID (Vorherige)","Frage (Vorherige)","Frage-Details (Vorherige)","Antwortinhalte (Vorherige)","Anzahl Antworten (Vorherige)","Antwortrate (Vorherige)","Im Vergleich zu früheren"
"602","グラフタイトル602","101","軸レベル名A","281","Môi trường làm việc ?","","5*","0","0","284","Đồ ăn thế nào?","","5*","0","0","0%"
"602","グラフタイトル602","101","軸レベル名A","281","Môi trường làm việc ?","","4*","1","100","284","Đồ ăn thế nào?","","4*","0","0","↑100%"
"602","グラフタイトル602","101","軸レベル名A","281","Môi trường làm việc ?","","3*","0","0","284","Đồ ăn thế nào?","","3*","0","0","0%"
"602","グラフタイトル602","101","軸レベル名A","281","Môi trường làm việc ?","","2*","0","0","284","Đồ ăn thế nào?","","2*","1","100","↓100%"
"602","グラフタイトル602","101","軸レベル名A","281","Môi trường làm việc ?","","1*","0","0","284","Đồ ăn thế nào?","","1*","0","0","0%"
"602","グラフタイトル602","101","軸レベル名A","281","Môi trường làm việc ?","","Nicht beantwortet","0","0","284","Đồ ăn thế nào?","","Nicht beantwortet","0","0","0%"
"602","グラフタイトル602","102","軸レベル名B","282","Công việc thế nào?","","5*","0","0","283","Trang thiết bị thế nào ?","","5*","0","0","0%"
"602","グラフタイトル602","102","軸レベル名B","282","Công việc thế nào?","","4*","0","0","283","Trang thiết bị thế nào ?","","4*","0","0","0%"
"602","グラフタイトル602","102","軸レベル名B","282","Công việc thế nào?","","3*","1","100","283","Trang thiết bị thế nào ?","","3*","0","0","↑100%"
"602","グラフタイトル602","102","軸レベル名B","282","Công việc thế nào?","","2*","0","0","283","Trang thiết bị thế nào ?","","2*","1","100","↓100%"
"602","グラフタイトル602","102","軸レベル名B","282","Công việc thế nào?","","1*","0","0","283","Trang thiết bị thế nào ?","","1*","0","0","0%"
"602","グラフタイトル602","102","軸レベル名B","282","Công việc thế nào?","","Nicht beantwortet","0","0","283","Trang thiết bị thế nào ?","","Nicht beantwortet","0","0","0%"
"602","グラフタイトル602","103","軸レベル名C","283","Trang thiết bị thế nào ?","","5*","1","100","282","Công việc thế nào?","","5*","0","0","↑100%"
"602","グラフタイトル602","103","軸レベル名C","283","Trang thiết bị thế nào ?","","4*","0","0","282","Công việc thế nào?","","4*","0","0","0%"
"602","グラフタイトル602","103","軸レベル名C","283","Trang thiết bị thế nào ?","","3*","0","0","282","Công việc thế nào?","","3*","0","0","0%"
"602","グラフタイトル602","103","軸レベル名C","283","Trang thiết bị thế nào ?","","2*","0","0","282","Công việc thế nào?","","2*","1","100","↓100%"
"602","グラフタイトル602","103","軸レベル名C","283","Trang thiết bị thế nào ?","","1*","0","0","282","Công việc thế nào?","","1*","0","0","0%"
"602","グラフタイトル602","103","軸レベル名C","283","Trang thiết bị thế nào ?","","Nicht beantwortet","0","0","282","Công việc thế nào?","","Nicht beantwortet","0","0","0%"
"602","グラフタイトル602","104","軸レベル名D","284","Đồ ăn thế nào?","","5*","0","0","281","Môi trường làm việc ?","","5*","0","0","0%"
"602","グラフタイトル602","104","軸レベル名D","284","Đồ ăn thế nào?","","4*","0","0","281","Môi trường làm việc ?","","4*","0","0","0%"
"602","グラフタイトル602","104","軸レベル名D","284","Đồ ăn thế nào?","","3*","1","100","281","Môi trường làm việc ?","","3*","0","0","↑100%"
"602","グラフタイトル602","104","軸レベル名D","284","Đồ ăn thế nào?","","2*","0","0","281","Môi trường làm việc ?","","2*","0","0","0%"
"602","グラフタイトル602","104","軸レベル名D","284","Đồ ăn thế nào?","","1*","0","0","281","Môi trường làm việc ?","","1*","1","100","↓100%"
"602","グラフタイトル602","104","軸レベル名D","284","Đồ ăn thế nào?","","Nicht beantwortet","0","0","281","Môi trường làm việc ?","","Nicht beantwortet","0","0","0%"
