﻿"[Actuel] CoE01NC (CoE01NC):eq1 (101)"
"[Précédent] CoE01NC (CoE01NC):eq2 (102)"
"Identifiant du titre du graphique","Titre du graphique","Identifiant de la légende de l’axe","Légende de l’axe","Question ID (actuel)","Question (actuel)","Détails de la question (actuel)","Contenu de la réponse (actuel)","Nombre de réponses (actuel)","Taux de réponse (actuel)","Question ID (précédent)","Question (précédent)","Détails de la question (précédent)","Contenu de la réponse (précédent)","Nombre de réponses (précédent)","Taux de réponse (précédent)","Comparé au précédent"
"999","Graph Title 999","222","Axis X","293","qt1","","選択肢01","1","14","293","qt1","","選択肢01","2","29","-15%"
"999","Graph Title 999","222","Axis X","293","qt1","","選択肢02","2","29","293","qt1","","選択肢02","1","14","+15%"
"999","Graph Title 999","222","Axis X","293","qt1","","選択肢03","2","29","293","qt1","","選択肢03","0","0","+29%"
"999","Graph Title 999","222","Axis X","293","qt1","","選択肢04","2","29","293","qt1","","選択肢04","1","14","+15%"
"999","Graph Title 999","222","Axis X","293","qt1","","選択肢05","0","0","293","qt1","","選択肢05","3","43","-43%"
"999","Graph Title 999","222","Axis X","293","qt1","","Non répondu","0","0","293","qt1","","Non répondu","0","0","0%"
"999","Graph Title 999","223","Axis Y","294","qt2","","選択肢01","0","0","294","qt2","","選択肢01","0","0","0%"
"999","Graph Title 999","223","Axis Y","294","qt2","","選択肢02","4","57","294","qt2","","選択肢02","3","43","+14%"
"999","Graph Title 999","223","Axis Y","294","qt2","","選択肢03","0","0","294","qt2","","選択肢03","0","0","0%"
"999","Graph Title 999","223","Axis Y","294","qt2","","選択肢04","2","29","294","qt2","","選択肢04","1","14","+15%"
"999","Graph Title 999","223","Axis Y","294","qt2","","選択肢05","1","14","294","qt2","","選択肢05","3","43","-29%"
"999","Graph Title 999","223","Axis Y","294","qt2","","Non répondu","0","0","294","qt2","","Non répondu","0","0","0%"
"999","Graph Title 999","224","Axis Z","295","qt3","","選択肢01","3","43","295","qt3","","選択肢01","2","29","+14%"
"999","Graph Title 999","224","Axis Z","295","qt3","","選択肢02","1","14","295","qt3","","選択肢02","0","0","+14%"
"999","Graph Title 999","224","Axis Z","295","qt3","","選択肢03","2","29","295","qt3","","選択肢03","1","14","+15%"
"999","Graph Title 999","224","Axis Z","295","qt3","","選択肢04","0","0","295","qt3","","選択肢04","1","14","-14%"
"999","Graph Title 999","224","Axis Z","295","qt3","","選択肢05","1","14","295","qt3","","選択肢05","3","43","-29%"
"999","Graph Title 999","224","Axis Z","295","qt3","","Non répondu","0","0","295","qt3","","Non répondu","0","0","0%"
